Rate_old,Rate_new,ChangeVis_Rate_old,ChangeVis_Rate_new
A,A,0,0
B,B,0,0
0.690156854,C,0,3
0.521010505,0.521010505,0,0
0.607438017,C,0,3
0.529013255,0.529013255,0,0
A,A,0,0
B,B,0,0
0.673672566,C,0,3
A,A,0,0
B,B,0,0
B,B,0,0
0.675618747,C,0,3
0.639027877,C,0,3
0.386340206,0.386340206,0,0
B,B,0,0
0.675582399,C,0,3
B,B,0,0
A,A,0,0
B,B,0,0
0.650130548,C,0,3
0.598623853,C,0,3
0.390445026,0.390445026,0,0
A,A,0,0
0.694409149,C,0,3
B,B,0,0
B,B,0,0
B,B,0,0
0.646296296,C,0,3
B,B,0,0
B,B,0,0
